INSERT INTO TB_USER(USER_ID, REG_DT, REG_IP, USER_EMAIL, USER_ROLE, USER_STATUS, USER_NAME, USER_PASSWD, LOGIN_DT, USER_TOKEN, IMG_URL, DEPART1, DEPART2, DEPART3)
VALUES (1, '2018-10-01 10:00', '192.168.0.1', 'admin1@googl.co.kr', 'ROLE_ADMIN', 'ACTIVATED', '관리자1', '12345', '2018-11-01 10:00', null, 'image1.jpg', null, null, null);

INSERT INTO TB_USER(USER_ID, REG_DT, REG_IP, USER_EMAIL, USER_ROLE, USER_STATUS, USER_NAME, USER_PASSWD, LOGIN_DT, USER_TOKEN, IMG_URL, DEPART1, DEPART2, DEPART3)
VALUES (2, '2018-10-02 10:00', '192.168.0.2', 'admin2@googl.co.kr', 'ROLE_ADMIN', 'ACTIVATED', '관리자2', '12345', '2018-11-02 10:00', null, 'image2.jpg', null, null, null);

INSERT INTO TB_USER(USER_ID, REG_DT, REG_IP, USER_EMAIL, USER_ROLE, USER_STATUS, USER_NAME, USER_PASSWD, LOGIN_DT, USER_TOKEN, IMG_URL, DEPART1, DEPART2, DEPART3)
VALUES (3, '2018-10-03 10:00', '192.168.0.3', 'admin3@googl.co.kr', 'ROLE_ADMIN', 'ACTIVATED', '관리자3', '12345', '2018-11-03 10:00', null, 'image3.jpg', null, null, null);

INSERT INTO TB_USER(USER_ID, REG_DT, REG_IP, USER_EMAIL, USER_ROLE, USER_STATUS, USER_NAME, USER_PASSWD, LOGIN_DT, USER_TOKEN, IMG_URL, DEPART1, DEPART2, DEPART3)
VALUES (4, '2018-10-04 10:00', '192.168.0.4', 'admin4@googl.co.kr', 'ROLE_ADMIN', 'ACTIVATED', '관리자4', '12345', '2018-11-04 10:00', null, 'image4.jpg', null, null, null);

INSERT INTO TB_USER(USER_ID, REG_DT, REG_IP, USER_EMAIL, USER_ROLE, USER_STATUS, USER_NAME, USER_PASSWD, LOGIN_DT, USER_TOKEN, IMG_URL, DEPART1, DEPART2, DEPART3)
VALUES (5, '2018-10-05 10:00', '192.168.0.5', 'admin5@googl.co.kr', 'ROLE_ADMIN', 'ACTIVATED', '관리자5', '12345', '2018-11-05 10:00', null, 'image5.jpg', null, null, null);

INSERT INTO TB_USER(USER_ID, REG_DT, REG_IP, USER_EMAIL, USER_ROLE, USER_STATUS, USER_NAME, USER_PASSWD, LOGIN_DT, USER_TOKEN, IMG_URL, DEPART1, DEPART2, DEPART3)
VALUES (11, '2018-10-11 10:00', '192.168.0.11', 'manager1@googl.co.kr', 'ROLE_MANAGER', 'ACTIVATED', '매니저1', '12345', '2018-11-11 10:00', null, 'image11.jpg', '부서1-1', '부서1-2', '부서1-3');

INSERT INTO TB_USER(USER_ID, REG_DT, REG_IP, USER_EMAIL, USER_ROLE, USER_STATUS, USER_NAME, USER_PASSWD, LOGIN_DT, USER_TOKEN, IMG_URL, DEPART1, DEPART2, DEPART3)
VALUES (12, '2018-10-12 10:00', '192.168.0.12', 'manager2@googl.co.kr', 'ROLE_MANAGER', 'ACTIVATED', '매니저2', '12345', '2018-11-12 10:00', null, 'image12.jpg', '부서2-1', '부서2-2', '부서2-3');

INSERT INTO TB_USER(USER_ID, REG_DT, REG_IP, USER_EMAIL, USER_ROLE, USER_STATUS, USER_NAME, USER_PASSWD, LOGIN_DT, USER_TOKEN, IMG_URL, DEPART1, DEPART2, DEPART3)
VALUES (13, '2018-10-13 10:00', '192.168.0.13', 'manager3@googl.co.kr', 'ROLE_MANAGER', 'ACTIVATED', '매니저3', '12345', '2018-11-13 10:00', null, 'image13.jpg', '부서3-1', '부서3-2', '부서3-3');

INSERT INTO TB_USER(USER_ID, REG_DT, REG_IP, USER_EMAIL, USER_ROLE, USER_STATUS, USER_NAME, USER_PASSWD, LOGIN_DT, USER_TOKEN, IMG_URL, DEPART1, DEPART2, DEPART3)
VALUES (14, '2018-10-14 10:00', '192.168.0.14', 'manager4@googl.co.kr', 'ROLE_MANAGER', 'ACTIVATED', '매니저4', '12345', '2018-11-14 10:00', null, 'image14.jpg', '부서4-1', '부서4-2', '부서4-3');

INSERT INTO TB_USER(USER_ID, REG_DT, REG_IP, USER_EMAIL, USER_ROLE, USER_STATUS, USER_NAME, USER_PASSWD, LOGIN_DT, USER_TOKEN, IMG_URL, DEPART1, DEPART2, DEPART3)
VALUES (15, '2018-10-15 10:00', '192.168.0.15', 'manager5@googl.co.kr', 'ROLE_MANAGER', 'ACTIVATED', '매니저5', '12345', '2018-11-15 10:00', null, 'image15.jpg', '부서5-1', '부서5-2', '부서5-3');

INSERT INTO TB_USER(USER_ID, REG_DT, REG_IP, USER_EMAIL, USER_ROLE, USER_STATUS, USER_NAME, USER_PASSWD, LOGIN_DT, USER_TOKEN, IMG_URL, DEPART1, DEPART2, DEPART3)
VALUES (21, '2018-10-21 10:00', '192.168.0.21', 'user1@googl.co.kr', 'ROLE_USER', 'ACTIVATED', '유저1', '12345', '2018-11-21 10:00', null, 'image21.jpg', null, null, null);

INSERT INTO TB_USER(USER_ID, REG_DT, REG_IP, USER_EMAIL, USER_ROLE, USER_STATUS, USER_NAME, USER_PASSWD, LOGIN_DT, USER_TOKEN, IMG_URL, DEPART1, DEPART2, DEPART3)
VALUES (22, '2018-10-22 10:00', '192.168.0.22', 'user2@googl.co.kr', 'ROLE_USER', 'ACTIVATED', '유저2', '12345', '2018-11-22 10:00', null, 'image22.jpg', null, null, null);

INSERT INTO TB_USER(USER_ID, REG_DT, REG_IP, USER_EMAIL, USER_ROLE, USER_STATUS, USER_NAME, USER_PASSWD, LOGIN_DT, USER_TOKEN, IMG_URL, DEPART1, DEPART2, DEPART3)
VALUES (23, '2018-10-23 10:00', '192.168.0.23', 'user3@googl.co.kr', 'ROLE_USER', 'ACTIVATED', '유저3', '12345', '2018-11-23 10:00', null, 'image23.jpg', null, null, null);

INSERT INTO TB_USER(USER_ID, REG_DT, REG_IP, USER_EMAIL, USER_ROLE, USER_STATUS, USER_NAME, USER_PASSWD, LOGIN_DT, USER_TOKEN, IMG_URL, DEPART1, DEPART2, DEPART3)
VALUES (24, '2018-10-24 10:00', '192.168.0.24', 'user4@googl.co.kr', 'ROLE_USER', 'ACTIVATED', '유저4', '12345', '2018-11-24 10:00', null, 'image24.jpg', null, null, null);

INSERT INTO TB_USER(USER_ID, REG_DT, REG_IP, USER_EMAIL, USER_ROLE, USER_STATUS, USER_NAME, USER_PASSWD, LOGIN_DT, USER_TOKEN, IMG_URL, DEPART1, DEPART2, DEPART3)
VALUES (25, '2018-10-25 10:00', '192.168.0.25', 'user5@googl.co.kr', 'ROLE_USER', 'ACTIVATED', '유저5', '12345', '2018-11-25 10:00', null, 'image25.jpg', null, null, null);


INSERT INTO TB_ISSUE_CATEGORY(CATE_ID, CATE_NAME, USE_YN, CATE_SEQ)
VALUES (1, '복지', true, 1);
INSERT INTO TB_ISSUE_CATEGORY(CATE_ID, CATE_NAME, USE_YN, CATE_SEQ)
VALUES (2, '여성', true, 2);
INSERT INTO TB_ISSUE_CATEGORY(CATE_ID, CATE_NAME, USE_YN, CATE_SEQ)
VALUES (3, '경제', true, 3);
INSERT INTO TB_ISSUE_CATEGORY(CATE_ID, CATE_NAME, USE_YN, CATE_SEQ)
VALUES (4, '안전', true, 4);
INSERT INTO TB_ISSUE_CATEGORY(CATE_ID, CATE_NAME, USE_YN, CATE_SEQ)
VALUES (5, '주택', true, 5);
INSERT INTO TB_ISSUE_CATEGORY(CATE_ID, CATE_NAME, USE_YN, CATE_SEQ)
VALUES (6, '환경', true, 6);
INSERT INTO TB_ISSUE_CATEGORY(CATE_ID, CATE_NAME, USE_YN, CATE_SEQ)
VALUES (7, '문화', true, 7);
INSERT INTO TB_ISSUE_CATEGORY(CATE_ID, CATE_NAME, USE_YN, CATE_SEQ)
VALUES (8, '건강', true, 8);
INSERT INTO TB_ISSUE_CATEGORY(CATE_ID, CATE_NAME, USE_YN, CATE_SEQ)
VALUES (9, '교통', true, 9);
INSERT INTO TB_ISSUE_CATEGORY(CATE_ID, CATE_NAME, USE_YN, CATE_SEQ)
VALUES (10, '건설', true, 10);
INSERT INTO TB_ISSUE_CATEGORY(CATE_ID, CATE_NAME, USE_YN, CATE_SEQ)
VALUES (11, '세금', true, 11);
INSERT INTO TB_ISSUE_CATEGORY(CATE_ID, CATE_NAME, USE_YN, CATE_SEQ)
VALUES (12, '기획', true, 12);
INSERT INTO TB_ISSUE_CATEGORY(CATE_ID, CATE_NAME, USE_YN, CATE_SEQ)
VALUES (13, '기타', true, 13);

INSERT INTO TB_ISSUE_CATEGORY(CATE_ID, CATE_NAME, USE_YN, CATE_SEQ)
VALUES (20, '비공개', false, 20);

INSERT INTO TB_ISSUE_STATS (STATS_ID, VIEW_CNT, LIKE_CNT, OPINION_CNT, YES_CNT, NO_CNT, ETC_CNT)
VALUES (1, 0, 1, 1, 0, 0, 0);
INSERT INTO TB_ISSUE(ISSUE_ID, ISSUE_DTYPE, REG_DT, CHG_DT, REG_ID, CHG_ID, REG_IP, CHG_IP, CATE_ID, STATS_ID, ISSUE_STATUS, ISSUE_PROCESS, OPINION_TYPE, ISSUE_TITLE, ISSUE_CONTENT, IMG_URL, ADMIN_COMMENT, MANAGER_ID, MANAGER_COMMENT, DEBATE_STDATE, DEBATE_EDDATE)
VALUES (1, 'P', '2018-10-01 12:00', '2018-10-01 12:00', 21, 21, '192.168.0.21', '192.168.0.21', 1, 1, 'OPEN', 'INIT', 'PROPOSAL', '제안합니다.', '제안 내용입니다.', null, null, null, null, null, null);
INSERT INTO TB_ISSUE_LIKE (USER_ID, ISSUE_ID, REG_DT, REG_IP)
VALUES (21, 1, '2018-10-10 10:10', '192.168.0.21');

INSERT INTO TB_OPINION(OPINION_ID, OPINION_DTYPE, REG_DT, CHG_DT, REG_ID, CHG_ID, REG_IP, CHG_IP, ISSUE_ID, LIKE_CNT, OPINION_STATUS, OPINION_VOTE, OPINION_CONTENT)
VALUES (1, 'P', '2018-10-11 11:11', '2018-10-11 11:11', 21, 21, '192.168.0.21', '192.168.0.21', 1, 1, 'OPEN', 'NONE', '제안의견입니다.');
INSERT INTO TB_OPINION_LIKE(USER_ID, OPINION_ID, REG_DT, REG_IP)
VALUES (21, 1, '2018-10-12 10:10', '192.168.0.21');

INSERT INTO TB_OPINION(OPINION_ID, OPINION_DTYPE, REG_DT, CHG_DT, REG_ID, CHG_ID, REG_IP, CHG_IP, ISSUE_ID, LIKE_CNT, OPINION_STATUS, OPINION_VOTE, OPINION_CONTENT)
VALUES (2, 'P', '2018-10-12 11:11', '2018-10-13 11:11', 21, 21, '192.168.0.21', '192.168.0.21', 1, 1, 'DELETE', 'NONE', '삭제된 제안의견입니다.');
INSERT INTO TB_OPINION_LIKE(USER_ID, OPINION_ID, REG_DT, REG_IP)
VALUES (21, 2, '2018-10-13 10:10', '192.168.0.21');

INSERT INTO TB_OPINION(OPINION_ID, OPINION_DTYPE, REG_DT, CHG_DT, REG_ID, CHG_ID, REG_IP, CHG_IP, ISSUE_ID, LIKE_CNT, OPINION_STATUS, OPINION_VOTE, OPINION_CONTENT)
VALUES (3, 'P', '2018-10-13 11:11', '2018-10-14 11:11', 21, 21, '192.168.0.21', '192.168.0.21', 1, 1, 'BLOCK', 'NONE', '블럭된 제안의견입니다.');
INSERT INTO TB_OPINION_LIKE(USER_ID, OPINION_ID, REG_DT, REG_IP)
VALUES (21, 3, '2018-10-14 10:10', '192.168.0.21');

INSERT INTO TB_ISSUE_STATS (STATS_ID, VIEW_CNT, LIKE_CNT, OPINION_CNT, YES_CNT, NO_CNT, ETC_CNT)
VALUES (2, 0, 1, 0, 0, 0, 0);
INSERT INTO TB_ISSUE(ISSUE_ID, ISSUE_DTYPE, REG_DT, CHG_DT, REG_ID, CHG_ID, REG_IP, CHG_IP, CATE_ID, STATS_ID, ISSUE_STATUS, ISSUE_PROCESS, OPINION_TYPE, ISSUE_TITLE, ISSUE_CONTENT, IMG_URL, ADMIN_COMMENT, MANAGER_ID, MANAGER_COMMENT, DEBATE_STDATE, DEBATE_EDDATE)
VALUES (2, 'P', '2018-10-01 12:00', '2018-10-01 12:00', 21, 21, '192.168.0.21', '192.168.0.21', 1, 2, 'DELETE', 'INIT', 'PROPOSAL', '삭제된 제안입니다.', '제안 내용입니다.', null, null, null, null, null, null);
INSERT INTO TB_ISSUE_LIKE (USER_ID, ISSUE_ID, REG_DT, REG_IP)
VALUES (21, 2, '2018-10-10 10:10', '192.168.0.21');

INSERT INTO TB_ISSUE_STATS (STATS_ID, VIEW_CNT, LIKE_CNT, OPINION_CNT, YES_CNT, NO_CNT, ETC_CNT)
VALUES (3, 0, 1, 0, 0, 0, 0);
INSERT INTO TB_ISSUE(ISSUE_ID, ISSUE_DTYPE, REG_DT, CHG_DT, REG_ID, CHG_ID, REG_IP, CHG_IP, CATE_ID, STATS_ID, ISSUE_STATUS, ISSUE_PROCESS, OPINION_TYPE, ISSUE_TITLE, ISSUE_CONTENT, IMG_URL, ADMIN_COMMENT, MANAGER_ID, MANAGER_COMMENT, DEBATE_STDATE, DEBATE_EDDATE)
VALUES (3, 'P', '2018-10-01 12:00', '2018-10-01 12:00', 21, 21, '192.168.0.21', '192.168.0.21', 1, 3, 'BLOCK', 'INIT', 'PROPOSAL', '블록된 제안입니다.', '제안 내용입니다.', null, null, null, null, null, null);
INSERT INTO TB_ISSUE_LIKE (USER_ID, ISSUE_ID, REG_DT, REG_IP)
VALUES (21, 3, '2018-10-10 10:10', '192.168.0.21');

INSERT INTO TB_ISSUE_STATS (STATS_ID, VIEW_CNT, LIKE_CNT, OPINION_CNT, YES_CNT, NO_CNT, ETC_CNT)
VALUES (4, 0, 50, 0, 0, 0, 0);
INSERT INTO TB_ISSUE(ISSUE_ID, ISSUE_DTYPE, REG_DT, CHG_DT, REG_ID, CHG_ID, REG_IP, CHG_IP, CATE_ID, STATS_ID, ISSUE_STATUS, ISSUE_PROCESS, OPINION_TYPE, ISSUE_TITLE, ISSUE_CONTENT, IMG_URL, ADMIN_COMMENT_DT, ADMIN_COMMENT, MANAGER_ID, MANAGER_COMMENT, DEBATE_STDATE, DEBATE_EDDATE)
VALUES (4, 'P', '2018-10-01 12:00', '2018-10-01 12:00', 21, 21, '192.168.0.21', '192.168.0.21', 1, 4, 'OPEN', 'INIT', 'PROPOSAL', '제안합니다.', '제안 내용입니다.', null, '2018-10-02 10:00', '관리자 댓글입니다.', null, null, null, null);

INSERT INTO TB_ISSUE_STATS (STATS_ID, VIEW_CNT, LIKE_CNT, OPINION_CNT, YES_CNT, NO_CNT, ETC_CNT)
VALUES (5, 0, 50, 0, 0, 0, 0);
INSERT INTO TB_ISSUE(ISSUE_ID, ISSUE_DTYPE, REG_DT, CHG_DT, REG_ID, CHG_ID, REG_IP, CHG_IP, CATE_ID, STATS_ID, ISSUE_STATUS, ISSUE_PROCESS, OPINION_TYPE, ISSUE_TITLE, ISSUE_CONTENT, IMG_URL, ADMIN_COMMENT_DT, ADMIN_COMMENT, MANAGER_ID, MANAGER_COMMENT, DEBATE_STDATE, DEBATE_EDDATE)
VALUES (5, 'P', '2018-10-01 12:00', '2018-10-01 12:00', 21, 21, '192.168.0.21', '192.168.0.21', 1, 5, 'OPEN', 'ASSIGNED', 'PROPOSAL', '담당자가 할당된 제안입니다..', '제안 내용입니다.', null, '2018-10-02 10:00', '관리자 댓글입니다.', 11, null, null, null);

INSERT INTO TB_ISSUE_STATS (STATS_ID, VIEW_CNT, LIKE_CNT, OPINION_CNT, YES_CNT, NO_CNT, ETC_CNT)
VALUES (6, 0, 50, 0, 0, 0, 0);
INSERT INTO TB_ISSUE(ISSUE_ID, ISSUE_DTYPE, REG_DT, CHG_DT, REG_ID, CHG_ID, REG_IP, CHG_IP, CATE_ID, STATS_ID, ISSUE_STATUS, ISSUE_PROCESS, OPINION_TYPE, ISSUE_TITLE, ISSUE_CONTENT, IMG_URL, ADMIN_COMMENT_DT, ADMIN_COMMENT, MANAGER_ID, MANAGER_COMMENT_DT, MANAGER_COMMENT, DEBATE_STDATE, DEBATE_EDDATE)
VALUES (6, 'P', '2018-10-01 12:00', '2018-10-01 12:00', 21, 21, '192.168.0.21', '192.168.0.21', 1, 6, 'OPEN', 'COMPLETE', 'PROPOSAL', '담당자가 답변한 제안입니다..', '제안 내용입니다.', null, '2018-10-02 10:00', '관리자 댓글입니다.', 11, '2018-10-10 10:10', '담당자가 답변합니다.', null, null);
